title,description,link,author,post_id
자바 Stream API 연습문제 공유 및 테스트 오류 논의,"자바 Stream API 사용법과 연습 문제, 테스트 오류 해결 방법에 대한 논의",https://discord.com/channels/1417025955628716178/1435254756351414362,기믕석,68
좋은 개발자의 자질로 소통 및 협업 능력 강조,개발자의 소통 능력과 협업 자질에 대한 토론,https://discord.com/channels/1417025955628716178/1439468934675038279,epochTime,52
개발하며 겪는 어려움 기록 및 회고 방법 공유,개발 과정에서의 어려움 기록 및 회고 방법 공유,https://discord.com/channels/1417025955628716178/1435877561472389184,[BE] 서여,60
비디자이너 개발자의 UI/UX 디자인 툴 및 방법 논의,비디자이너 개발자를 위한 UI/UX 디자인 도구 및 방법론 논의,https://discord.com/channels/1417025955628716178/1438390472795095241,[BE] 준태,62
Docker Compose로 개발 환경 통일 및 협업 효율화,개발자의 소통 능력과 협업 자질에 대한 토론,https://discord.com/channels/1417025955628716178/1437346557421813890,[BE] 최승원,62
프론트 화면 구현 전 설계와 기능/요구사항 문서화 방식 문의,프론트엔드 화면 구현 전 설계와 기능 요구사항 문서화 방식,https://discord.com/channels/1417025955628716178/1437006661490577489,[BE] 성진,55
"우테코 병아리 개발자, 백엔드 학습 및 성장 방법 공유",우테코 프리코스 학습 경험과 백엔드 개발자 성장 방법 공유,https://discord.com/channels/1417025955628716178/1427633512281935983,[BE] yeong,60
개인 개발 도전 증명 고민 및 학습 과정의 중요성,개인 개발 도전 증명 고민 및 학습 과정의 중요성에 대한 개발자들의 논의와 경험 공유,https://discord.com/channels/1417025955628716178/1435990222667120763,[BE] 데빈,60
코틀린/스프링 프로젝트 Gradle 및 안드로이드 설정 문의,코틀린/스프링 프로젝트의 Gradle 설정 및 안드로이드 개발 환경 구성,https://discord.com/channels/1417025955628716178/1436187717427003584,분빠라붐까스,63
"DTO 필요성, 계층 간 데이터 전달 및 관리 논의",DTO의 필요성과 계층 간 데이터 전달 및 관리 방법에 대한 논의,https://discord.com/channels/1417025955628716178/1432931138254667868,[BE] 헤치,65
JS getter/setter의 실질적 이유와 기술적 이점 고찰,JavaScript getter/setter의 실질적 사용 이유와 기술적 이점 분석,https://discord.com/channels/1417025955628716178/1436732947477692617,[FE] 김희주,78
새 기술 도입 시 학습 및 적용 방식 고민 공유,새로운 기술 도입 시 학습 방법과 적용 전략에 대한 고민,https://discord.com/channels/1417025955628716178/1435945090496462921,[BE] 성진,60
"어떤 로직/메서드를 테스트할지, TDD 관점에서 테스트 설계 과정 논의.",TDD 관점에서 테스트할 로직과 메서드 선정 및 테스트 설계 과정,https://discord.com/channels/1417025955628716178/1435159973368823839,[BE] 남해윤,58
React 프로젝트 UI/기능 설계 및 누락 방지 도구 문의,React 프로젝트의 UI/기능 설계 및 누락 방지 도구 활용법,https://discord.com/channels/1417025955628716178/1435446350446596106,분빠라붐까스,55
"단일 구현 인터페이스의 설계 의의, DIP 및 장점 논의.",단일 구현 인터페이스의 설계 의의와 DIP 원칙 적용의 장점,https://discord.com/channels/1417025955628716178/1435686040210899085,[BE] HANDA,54
"코드 품질, 객체 지향 설계(SOLID) 및 확장성 논의","객체 지향 설계 원칙(SOLID)과 코드 품질, 확장성에 대한 논의",https://discord.com/channels/1417025955628716178/1435828717300613190,[BE]한상윤,54
복잡한 생각 비우는 법: 산책으로 멘탈 관리 후 동료들에게 묻다,개발자의 멘탈 관리와 불안감 해소를 위한 노하우 공유,https://discord.com/channels/1417025955628716178/1434570521034621101,송민서,64
도메인 객체: Car의 VO vs Entity 설계 논의,도메인 객체 설계 시 Value Object와 Entity의 차이와 선택 기준,https://discord.com/channels/1417025955628716178/1433051223665283072,[BE] 조상준,65
"클린 코드 원칙, 표어보다 본질 이해 강조",클린 코드 원칙의 본질적 이해와 실무 적용 방법,https://discord.com/channels/1417025955628716178/1435175333249810462,[BE] nn,66
"Getter 지양 이유와 객체 책임, 비즈니스 로직","Getter 메서드 지양 이유와 객체 책임, 비즈니스 로직 설계",https://discord.com/channels/1417025955628716178/1434338928726507711,[BE]개굴개굴,65
프로젝트 주요 기능 정의 기준 및 설계 방식.,프로젝트 주요 기능 정의 기준과 설계 방식에 대한 논의,https://discord.com/channels/1417025955628716178/1434404044012519525,김경탁,55
"테스트 코드 작성 범위, 기준, 효율성 논의","테스트 코드 작성 범위와 기준, 효율적인 테스트 전략 논의",https://discord.com/channels/1417025955628716178/1433434429505798204,[BE]김흥수,58
뷰 출력 문자열 상수화 시 가독성 vs 유지보수성 논란,코드 가독성과 유지보수성의 균형을 위한 설계 고민,https://discord.com/channels/1417025955628716178/1434927345650892810,[BE] 방현우,66
개발 학습/업무 꾸준함 유지를 위한 방법 논의,개발 학습과 업무에서 꾸준함을 유지하는 방법과 습관 형성,https://discord.com/channels/1417025955628716178/1434136304324448389,chaeyun,60
"테스트 전용 getter 및 내부 상태 검증, 설계 개선 논의",TDD 관점에서 테스트할 로직과 메서드 선정 및 테스트 설계 과정,https://discord.com/channels/1417025955628716178/1434523614442688574,[BE] 김규빈,59
"초보 개발자의 클린 코드, 스타일, 계층별 검증 고민",클린 코드 원칙의 본질적 이해와 실무 적용 방법,https://discord.com/channels/1417025955628716178/1434881418156052552,[BE] 나우,56
Git 커밋 유실/충돌 문제 해결 및 복구 방법 논의,Git 커밋 유실 및 충돌 문제 해결과 복구 방법,https://discord.com/channels/1417025955628716178/1434877807527464961,lsdkjfslakf,81
"프로젝트 구조, Parser 위치, View/Controller 역할 분담 논의",프로젝트 구조 설계와 패키지 구성 방식에 대한 논의,https://discord.com/channels/1417025955628716178/1432984494239125596,박영규,54
"AI 시대 대비, 효과적인 AI 활용법과 학습 전략 논의","AI를 활용한 코딩, 문서화, 학습 효율 향상 방법",https://discord.com/channels/1417025955628716178/1433725492061540352,[AN] 라디오,62
"TDD 적용 후 테스트/리팩토링 시간 증가, 효율적 TDD 팁 공유 요청.",TDD 적용 방법과 테스트 코드 작성 전략에 대한 논의,https://discord.com/channels/1417025955628716178/1434368194579136682,[FE]김용주,58
유틸리티 클래스 정의와 도메인 분리 기준 논의,유틸리티 클래스 정의와 도메인 분리 기준에 대한 논의,https://discord.com/channels/1417025955628716178/1433046044802813985,[BE]제로,65
JS 배열 unique/sum 3가지 구현 방식 비교 및 장단점 논의,JavaScript 배열 처리 방법 비교와 각 방식의 장단점 분석,https://discord.com/channels/1417025955628716178/1434539589279809647,[FE]김혁중,78
테스트 커버리지의 한계와 테스트 품질의 중요성 논의,테스트 커버리지의 한계와 실제 테스트 품질의 중요성,https://discord.com/channels/1417025955628716178/1434540217875959829,[FE] 젠이츠,58
작은 프로젝트에 MVC 등 디자인 패턴 적용 여부 및 이유 토론,비디자이너 개발자를 위한 UI/UX 디자인 도구 및 방법론 논의,https://discord.com/channels/1417025955628716178/1433004834604322889,Junepil,54
Java 불변/가변 객체 컨테이너 설계 및 원칙 토론,Java에서 불변/가변 객체 컨테이너 설계 원칙과 적용 방법,https://discord.com/channels/1417025955628716178/1434023365429170287,mia,66
"기능 분할, 커밋 컨벤션, 함수 단위에 대한 고민","커밋 단위와 시점, 원칙에 대한 개발자들의 고민",https://discord.com/channels/1417025955628716178/1434103467680596020,[AN] 이지섭,50
"개발 신기술 학습, 웹/GPT 정보 신뢰와 공부법 논의",새로운 기술 도입 시 학습 방법과 적용 전략에 대한 고민,https://discord.com/channels/1417025955628716178/1434085128782614570,배재훈,60
"개발자의 강점과 협업 시너지, 성장을 위한 논의",개발자의 소통 능력과 협업 자질에 대한 토론,https://discord.com/channels/1417025955628716178/1430535313268281434,[BE] !핑크감자! (임수미),52
초보 개발자의 코드 리뷰 참여 고민과 성장 방법,코드 리뷰 참여 방법과 효율적인 리뷰 전략에 대한 논의,https://discord.com/channels/1417025955628716178/1433783404490526773,정현서,49
MVC/MVCS 패턴 구현 및 Service 계층 역할 고민,MVC/MVCS 패턴 구현과 각 계층의 역할 분담에 대한 고민,https://discord.com/channels/1417025955628716178/1432660530232950844,[BE] 양재욱,65
"새 미션 앞둔 불안감, 멘탈 관리 노하우 공유 요청.",개발자의 멘탈 관리와 불안감 해소를 위한 노하우 공유,https://discord.com/channels/1417025955628716178/1427533581705543811,[BE] 청상어,64
초보 개발자의 프로젝트 구조(MVC 등) 학습 및 조언 요청,프로젝트 구조 설계와 패키지 구성 방식에 대한 논의,https://discord.com/channels/1417025955628716178/1434007060378423386,박영규,54
"도메인 데이터 뷰 전달 방식, getter 지양 원칙 논의","도메인 데이터 뷰 전달 방식, getter 지양 원칙 논의에 대한 개발자들의 논의와 경험 공유",https://discord.com/channels/1417025955628716178/1433461815760916511,[BE]고기범,65
"Kotlin data class vs class 설계 논의: 불변성, 테스트, 성능",TDD 관점에서 테스트할 로직과 메서드 선정 및 테스트 설계 과정,https://discord.com/channels/1417025955628716178/1433707870146531369,Aki,79
"테스트 코드가 리팩토링 안전망 역할, 설계와 품질 향상",TDD 관점에서 테스트할 로직과 메서드 선정 및 테스트 설계 과정,https://discord.com/channels/1417025955628716178/1433077697218744320,[BE] 노을,58
객체 자율성 확보: Controller에서 객체로 책임 이동,객체 자율성 확보: Controller에서 객체로 책임 이동에 대한 개발자들의 논의와 경험 공유,https://discord.com/channels/1417025955628716178/1433163883979473036,[FE] 이어진,65
MVC 패턴에서 데이터 출력 및 계층 구조 설계 토론,MVC/MVCS 패턴 구현과 각 계층의 역할 분담에 대한 고민,https://discord.com/channels/1417025955628716178/1432587162196512920,[BE]kcnsmoothie,54
TDD 적용 시 테스트와 리팩토링 순서에 대한 고민과 논의,TDD 적용 방법과 테스트 코드 작성 전략에 대한 논의,https://discord.com/channels/1417025955628716178/1432543750936068108,[FE] 동동,58
프로젝트 패키지 구조: 계층형 vs 도메인형 논의,프로젝트 구조 설계와 패키지 구성 방식에 대한 논의,https://discord.com/channels/1417025955628716178/1433094248336720033,[BE] 동쟈,65
Static 메서드의 객체 지향 설계 영향과 트레이드오프,"객체 지향 설계 원칙(SOLID)과 코드 품질, 확장성에 대한 논의",https://discord.com/channels/1417025955628716178/1433306629662703656,[BE]한상윤,54
"전략 패턴 적용, DIP/DI 논쟁 및 GoF 정의 논의.",단일 구현 인터페이스의 설계 의의와 DIP 원칙 적용의 장점,https://discord.com/channels/1417025955628716178/1433091482272665610,[BE] 이프 (김지환),54
초보 개발자의 프리코스 학습 및 코드 리뷰 경험 공유,우테코 프리코스 학습 경험과 백엔드 개발자 성장 방법 공유,https://discord.com/channels/1417025955628716178/1433300489117630594,[BE] 제이콥,49
커밋 메시지 이슈 번호 포함 문제점과 개선 의견,커밋 메시지 작성 시 이슈 번호 포함의 문제점과 개선 방안,https://discord.com/channels/1417025955628716178/1432975283237163018,[BE]이선욱,50
"코드 리뷰 경험과 소통의 가치, 구현과의 비중 고민",개발자의 소통 능력과 협업 자질에 대한 토론,https://discord.com/channels/1417025955628716178/1430927992732782673,[BE] HANDA,49
개발 작업 집중을 위한 공간 선호도와 훈련법,개발 작업 집중을 위한 환경 조성과 훈련 방법,https://discord.com/channels/1417025955628716178/1432606671842312285,[BE] 참외,64
콘솔 앱에서 MVC Controller와 Application 역할 및 분리 고민,MVC 패턴 적용과 계층 구조 설계에 대한 논의,https://discord.com/channels/1417025955628716178/1432686108268957765,[BE] 써니,54
최신 기술 및 트렌드 습득 방법 공유 요청,최신 기술과 트렌드 습득 방법 및 학습 전략,https://discord.com/channels/1417025955628716178/1432322061031968950,[BE] 준태,60
"AI 시대, 개발자 역할 변화와 정체성 고민",AI 시대의 개발자 역할 변화와 정체성에 대한 고민,https://discord.com/channels/1417025955628716178/1430870581443690627,[AN] 이지섭,82
"정적 메소드 사용 시기, 장점, 설계 고민 공유",Static 메서드의 객체 지향 설계에 미치는 영향과 트레이드오프,https://discord.com/channels/1417025955628716178/1432028964679057489,[FE] 젠이츠,54
기능 정의 시 예외 처리의 범위와 카테고리 논의,프로젝트 주요 기능 정의 기준과 설계 방식에 대한 논의,https://discord.com/channels/1417025955628716178/1432380298779299931,[AN] 이지섭,55
"코드 확장성vs가독성, 상황별 우선순위 및 균형 논의",코드 가독성과 유지보수성의 균형을 위한 설계 고민,https://discord.com/channels/1417025955628716178/1432587910657343538,[BE] 김민형,66
MVC 패턴에서 View 반복문 책임에 대한 고민,MVC/MVCS 패턴 구현과 각 계층의 역할 분담에 대한 고민,https://discord.com/channels/1417025955628716178/1432767958303641640,[BE] 방현우,54
"자바 record로 값 객체 정의, 불변성 유지 및 간결한 코드 작성 논의.",Java에서 불변/가변 객체 컨테이너 설계 원칙과 적용 방법,https://discord.com/channels/1417025955628716178/1432372379056734209,[BE] 이승준,65
개발자가 된 계기와 개인적인 동기 공유,개발자가 된 계기와 개인적인 동기 공유,https://discord.com/channels/1417025955628716178/1432367691238477825,choi,83
개발자들이 테스트할 코드 범위와 기준을 논의함,"테스트 코드 작성 범위와 기준, 효율적인 테스트 전략 논의",https://discord.com/channels/1417025955628716178/1432695922659164303,[BE] BAEKBAEK,59
README.md 작성 시점과 효율적인 관리 전략 토론,"README.md 작성 시점과 효율적인 관리 전략, 문서화 방법",https://discord.com/channels/1417025955628716178/1432555602311250052,[BE] 남해윤,51
"디자인 패턴 적용 시기, 기준, OOP/SOLID 연관성 질의",비디자이너 개발자를 위한 UI/UX 디자인 도구 및 방법론 논의,https://discord.com/channels/1417025955628716178/1432669291622436945,[BE]김재희,54
개발자의 좌우명과 성장 마인드셋 공유 토론.,개발자의 좌우명과 성장 마인드셋 공유,https://discord.com/channels/1417025955628716178/1430389932429672488,[BE] 다람 🐿,83
입출력 클래스 분리 필요성과 객체지향/MVC 설계 논의,MVC 패턴 적용과 계층 구조 설계에 대한 논의,https://discord.com/channels/1417025955628716178/1431664978338910300,킴,54
입력값 검증 로직 리팩토링: 중복과 책임 분리 고민,"입력값 검증 로직의 위치와 책임 분리, 리팩토링 방법",https://discord.com/channels/1417025955628716178/1432626087703220274,[BE]김재희,57
클래스 내 메서드 배치 방식과 협업 효율성 논의,개발자의 소통 능력과 협업 자질에 대한 토론,https://discord.com/channels/1417025955628716178/1432392299668836539,[BE]MASKUN,66
코드 리뷰 효율성을 위한 검토 순서와 방법에 대한 문의,코드 리뷰 참여 방법과 효율적인 리뷰 전략에 대한 논의,https://discord.com/channels/1417025955628716178/1430425285244882944,[BE] XEO,49
"Mockito, 리플렉션 이용 테스트 코드 작성 및 대안.",TDD 적용 방법과 테스트 코드 작성 전략에 대한 논의,https://discord.com/channels/1417025955628716178/1432387247872806982,[BE] 방현우,59
소프트 스킬과 성장 마인드셋으로 개발 여정 지속,개발자의 좌우명과 성장 마인드셋 공유,https://discord.com/channels/1417025955628716178/1429980022109634651,[BE] nn,60
변수/함수명 짓는 기준과 가독성 높이는 법,코드 가독성과 유지보수성의 균형을 위한 설계 고민,https://discord.com/channels/1417025955628716178/1429087224250503218,지수,56
"개발 블로그 작성 어려움과 좋은 글 기준, 구조 문의","개발 블로그 작성 방법과 좋은 글의 기준, 구조 설계",https://discord.com/channels/1417025955628716178/1428264133320511589,[BE] 서여,60
"이유 있는 패턴 적용, 객체 지향 설계, 협업 성장 논의",개발자의 소통 능력과 협업 자질에 대한 토론,https://discord.com/channels/1417025955628716178/1427552514500198512,[BE] 제이콥,54
"React 폴더 구조 설계, 장단점 및 적합한 선택 논의",React 프로젝트의 UI/기능 설계 및 누락 방지 도구 활용법,https://discord.com/channels/1417025955628716178/1427192843897671690,[FE] 김수로,75
Spring Security 복잡성vs필수성 논의: 인증/인가,"Spring Security의 복잡성과 필수성, 인증/인가 구현 방법",https://discord.com/channels/1417025955628716178/1427261201410166834,[BE] 최승원,69
프레임워크 없이 계층 구조 역할 및 도입 시점 고민,프레임워크 없이 계층 구조 구현과 도입 시점 고민,https://discord.com/channels/1417025955628716178/1427210315174514711,[BE] 노을,65
개발 전 설계 범위 및 문서화 방식에 대한 논의,프론트엔드 화면 구현 전 설계와 기능 요구사항 문서화 방식,https://discord.com/channels/1417025955628716178/1427240249087492166,유기농꿀감자,55
"액세스 토큰 저장, 갱신 및 동시성 문제 해결 논의","액세스 토큰 저장, 갱신 및 동시성 문제 해결 방법",https://discord.com/channels/1417025955628716178/1427211894120513607,nomi,70
"주석의 필요성, 작성 기준, 클린 코드와의 관계 논의",클린 코드 원칙의 본질적 이해와 실무 적용 방법,https://discord.com/channels/1417025955628716178/1427226938493239349,[FE] 김현중/빙구,56
자바 Stream API 성능 및 가독성 트레이드오프 논의,"자바 Stream API 사용법과 연습 문제, 테스트 오류 해결 방법에 대한 논의",https://discord.com/channels/1417025955628716178/1427273400581357588,choi,73
"TDD 개념, 적용의 어려움, 첫걸음에 대한 토론",TDD 적용 방법과 테스트 코드 작성 전략에 대한 논의,https://discord.com/channels/1417025955628716178/1427194215552516166,[BE] HANDA,58
"새 기술 학습 깊이: 이론 vs 실전, 어디까지?",새로운 기술 도입 시 학습 방법과 적용 전략에 대한 고민,https://discord.com/channels/1417025955628716178/1427332211094327447,wonbin,60
"단위 테스트 작성 기준, 행동 중심과 Mock 활용 논의","테스트 코드 작성 범위와 기준, 효율적인 테스트 전략 논의",https://discord.com/channels/1417025955628716178/1427257060982259752,[BE] 심인규,59
프론트엔드 정적 자산(SVG) 관리 방법론 논의,Static 메서드의 객체 지향 설계에 미치는 영향과 트레이드오프,https://discord.com/channels/1417025955628716178/1427424533685731458,nomi,77
Spring WebSocket STOMP 채팅 구현 방식 비교 및 고민,Spring WebSocket STOMP를 활용한 채팅 구현 방식 비교,https://discord.com/channels/1417025955628716178/1427269984169492501,[BE] hyeonZIP,72
"개발자들이 AI로 코딩, 문서화, 학습 등 효율 높이는 법 논의",AI 시대의 개발자 역할 변화와 정체성에 대한 고민,https://discord.com/channels/1417025955628716178/1427321400070377564,[FE] 젠이츠,62
대용량 트래픽 환경 동시성 제어 전략 논의,대용량 트래픽 환경에서의 동시성 제어 전략,https://discord.com/channels/1417025955628716178/1427216601232572538,[BE] archan 알찬,70
협업 시 좋은 동료가 갖춰야 할 자질 논의,개발자의 소통 능력과 협업 자질에 대한 토론,https://discord.com/channels/1417025955628716178/1427283457532493879,[BE] 정재윤,52
개발자들이 자신의 성장을 체감하는 순간과 기준을 공유합니다.,"개발자의 성장 체감 순간과 기준, 지속적 성장 방법",https://discord.com/channels/1417025955628716178/1427446977695842354,[BE] !핑크감자! (임수미),60
"커밋, 브랜치 컨벤션 및 PR 템플릿 활용 논의",Git과 커밋 관련 개발 워크플로우 논의,https://discord.com/channels/1417025955628716178/1427247401433043046,[BE] !핑크감자! (임수미),50
기능 정의 기준: 책임과 독립적 테스트 단위 논의,"테스트 코드 작성 범위와 기준, 효율적인 테스트 전략 논의",https://discord.com/channels/1417025955628716178/1427559242906472488,[BE] 김경민,65
프로젝트 동기 저하 극복 및 지속 방안 논의,개발자가 된 계기와 개인적인 동기 공유,https://discord.com/channels/1417025955628716178/1427454751490179083,[AN] 조상준,53
개발 학습 불안 해소 및 자기 페이스 성장 조언,개발자의 멘탈 관리와 불안감 해소를 위한 노하우 공유,https://discord.com/channels/1417025955628716178/1427291956655947857,choi,60
"개발 초보의 커밋 단위, 시점 및 원칙에 대한 고민과 논의","커밋 단위와 시점, 원칙에 대한 개발자들의 고민",https://discord.com/channels/1417025955628716178/1427303682009071719,[BE] WONTOP,50
프론트→백 전환 개발자의 학습법과 경험 공유,프론트→백 전환 개발자의 학습법과 경험 공유에 대한 개발자들의 논의와 경험 공유,https://discord.com/channels/1417025955628716178/1427435275575103609,궈니,60
데일리 스크럼 목표 설정 및 지연 처리 노하우 공유,데일리 스크럼에서 목표 설정 및 지연 처리 노하우,https://discord.com/channels/1417025955628716178/1427253781770272881,[FE]이환섭,53
개발자들의 적정 수면 시간과 컨디션 관리의 중요성에 대한 논의,개발자의 적정 수면 시간과 컨디션 관리의 중요성,https://discord.com/channels/1417025955628716178/1427345183506305054,[BE] 해리,85
"개발 시 MVC와 DDD 동시 고려, 적용 효과 및 어려움 논의",MVC 패턴 적용과 계층 구조 설계에 대한 논의,https://discord.com/channels/1417025955628716178/1427522109349040158,[BE]유뿡,65
코드 가독성과 협업 위한 좋은 이름 짓기 중요성,개발자의 소통 능력과 협업 자질에 대한 토론,https://discord.com/channels/1417025955628716178/1427636644944805959,[BE] 네고,56
JDK 21 선정 이유 및 버전별 특징 논의,JDK 버전별 특징과 JDK 21 선정 이유에 대한 논의,https://discord.com/channels/1417025955628716178/1427560762871906365,[BE] 전원준,67
"개발자 에러 해결: AI vs 구글링, 학습 영향 논의",AI 시대의 개발자 역할 변화와 정체성에 대한 고민,https://discord.com/channels/1417025955628716178/1427221348710613094,범이,60
"TDD, Given/When/Then 등 테스트 전략 토론",TDD 적용 방법과 테스트 코드 작성 전략에 대한 논의,https://discord.com/channels/1417025955628716178/1427592072474656888,[BE] 방현우,58
README.md 효율적 작성법과 활용 도구 문의,"README.md 작성 시점과 효율적인 관리 전략, 문서화 방법",https://discord.com/channels/1417025955628716178/1427595904440860736,[FE] 멍,51
"팀 협업 저하 문제, 지속 가능한 협업 시스템 모색",개발자의 소통 능력과 협업 자질에 대한 토론,https://discord.com/channels/1417025955628716178/1427481218290810971,[FE] 이재혁,52
DDD 적용 경험과 전략/전술 패턴 논의,도메인 주도 설계(DDD) 적용 경험과 전략/전술 패턴,https://discord.com/channels/1417025955628716178/1427921004218548264,[BE] 정원영,65
프리코스 기간 투자 시간 및 학습 전략 공유,우테코 프리코스 학습 경험과 백엔드 개발자 성장 방법 공유,https://discord.com/channels/1417025955628716178/1427261089397342290,[FE] 감,60
랜덤 정수 반환 함수 소수 입력 처리 설계 논의,랜덤 정수 반환 함수 소수 입력 처리 설계 논의에 대한 개발자들의 논의와 경험 공유,https://discord.com/channels/1417025955628716178/1428220374830678046,[FE] 감,55
"클린 코드와 빠른 개발, 리팩토링 전략 논의",클린 코드 원칙의 본질적 이해와 실무 적용 방법,https://discord.com/channels/1417025955628716178/1427214070704111646,[BE] 해리,57
Java Stream API 연습 문제 깃헙 공유,"자바 Stream API 사용법과 연습 문제, 테스트 오류 해결 방법에 대한 논의",https://discord.com/channels/1417025955628716178/1428293203907317863,"기믕석
:",73
유틸 클래스 사용 시 객체지향적 설계와 책임 분리 논의,유틸리티 클래스 정의와 도메인 분리 기준에 대한 논의,https://discord.com/channels/1417025955628716178/1428219639070068837,[BE] 성진,65
MVC의 독립적 아키텍처 여부 및 계층형/DDD와의 관계 혼란,MVC 패턴 적용과 계층 구조 설계에 대한 논의,https://discord.com/channels/1417025955628716178/1428240466649939969,[BE] 라이,54
var 타입 키워드 활용 및 장단점 논의,"Java var 타입 추론의 활용과 가독성, 협업 관점에서의 고찰",https://discord.com/channels/1417025955628716178/1428267636139098183,B,68
final 키워드 사용 기준 및 가독성에 대한 논의,코드 가독성과 유지보수성의 균형을 위한 설계 고민,https://discord.com/channels/1417025955628716178/1428391757372195009,choi,66
좋은 팀: 팀 목표와 개인 성장이 조화된 협업,개발자의 소통 능력과 협업 자질에 대한 토론,https://discord.com/channels/1417025955628716178/1428127951182102568,[BE] bebe,52
코딩 컨벤션 적용 시점과 방법에 대한 논의,"코딩 컨벤션 적용 시점과 방법, 팀 협업을 위한 가이드",https://discord.com/channels/1417025955628716178/1428392762927087709,[FE] 김현중/빙구,66
README 기능 목록과 커밋 단위 연동 방법 문의,"커밋 단위와 시점, 원칙에 대한 개발자들의 고민",https://discord.com/channels/1417025955628716178/1428309414733156385,[FE] 감,51
개발 지식 습득 및 성장을 위한 다양한 방법 공유,"개발자의 성장 체감 순간과 기준, 지속적 성장 방법",https://discord.com/channels/1417025955628716178/1427993426867261480,[AN] 현승,60
프론트엔드 개발자들의 학습 고민과 기본기 심화 관심,프론트엔드 개발자의 기본기 심화와 학습 고민,https://discord.com/channels/1417025955628716178/1428016366522339398,[FE]김용주,60
"README.md에 담을 프로젝트 개요, 기능, 구현 등 논의","README.md 작성 시점과 효율적인 관리 전략, 문서화 방법",https://discord.com/channels/1417025955628716178/1427655072019382343,[AN] 심재훈,51
FE 부재 시 AI 활용 프론트 개발 노하우 공유,"AI를 활용한 코딩, 문서화, 학습 효율 향상 방법",https://discord.com/channels/1417025955628716178/1428573655964581908,[BE] 김규빈,62
자바 private static 메서드 활용 및 책임 논의,Java private static 메서드 활용과 책임 분리,https://discord.com/channels/1417025955628716178/1428315450395201678,[BE] 헤치,66
초보 개발자의 계층/MVC 구조와 책임 분리 고민,MVC 패턴 적용과 계층 구조 설계에 대한 논의,https://discord.com/channels/1417025955628716178/1427463395489353830,[BE] 제이콥,65
"입력값 검증 위치 고민: 사전 vs 내부 로직, 계층별 책임","입력값 검증 로직의 위치와 책임 분리, 리팩토링 방법",https://discord.com/channels/1417025955628716178/1427963559387729930,[BE] longrunpc,65
기술 스택 업데이트와 환경 변화 대응 전략 논의,기술 스택 업데이트와 환경 변화 대응 전략 논의에 대한 개발자들의 논의와 경험 공유,https://discord.com/channels/1417025955628716178/1428718419859083304,[AOS] 채승우,86
클래스 메서드 배치 방식(Step-down vs 추상화 수준) 고민 및 협업 효율성 논의,개발자의 소통 능력과 협업 자질에 대한 토론,https://discord.com/channels/1417025955628716178/1428651291231387668,[BE] 홍우현,66
"TDD와 테스트 코드의 가치, 설계 개선 및 리팩토링 이점",TDD 관점에서 테스트할 로직과 메서드 선정 및 테스트 설계 과정,https://discord.com/channels/1417025955628716178/1428405295784394772,김윤영,58
코드 리팩토링 시작점과 나쁜 코드 식별 팁 논의,코드 리팩토링 시작점과 나쁜 코드 식별 팁 논의에 대한 개발자들의 논의와 경험 공유,https://discord.com/channels/1417025955628716178/1428728250372456458,[BE]choney,57
"배경, 구체성, 고민 담은 질문으로 소통 효율 높이기",개발자의 소통 능력과 협업 자질에 대한 토론,https://discord.com/channels/1417025955628716178/1428581689734463579,[BE] 이승환,52
"사용자 급증 시 기능 출시 전략, 인프라 및 안정성 논의","사용자 급증 시 기능 출시 전략, 인프라 및 안정성 논의에 대한 개발자들의 논의와 경험 공유",https://discord.com/channels/1417025955628716178/1428617426097934376,Inseong,71
"DTO 역할, 계층 구조 내 책임 및 검증 위치에 대한 논의",DTO의 필요성과 계층 간 데이터 전달 및 관리 방법에 대한 논의,https://discord.com/channels/1417025955628716178/1428612275748470845,[BE] 세진,65
"팀 프로젝트, 성과와 학습 균형 위한 협업 전략",개발자의 소통 능력과 협업 자질에 대한 토론,https://discord.com/channels/1417025955628716178/1428412353904509121,[BE] 바키,52
"리팩토링의 기준과 한계점, 명확한 목표 설정 논의.","리팩토링의 기준과 한계점, 명확한 목표 설정 논의.에 대한 개발자들의 논의와 경험 공유",https://discord.com/channels/1417025955628716178/1428423584459788449,[BE] HANDA,57
새 기술 학습법: 이론 vs 실전 및 효율 논의,새로운 기술 도입 시 학습 방법과 적용 전략에 대한 고민,https://discord.com/channels/1417025955628716178/1428311872976850984,[BE] 로지,60
개발 학습 및 성장을 위한 기록의 효과와 어려움 논의,개발 과정에서의 어려움 기록 및 회고 방법 공유,https://discord.com/channels/1417025955628716178/1427679301494374612,@[BE] 김규빈,60
"클래스 분할, 명명 시점, 아키텍처 패턴 논의","클래스 분할, 명명 시점, 아키텍처 패턴 논의에 대한 개발자들의 논의와 경험 공유",https://discord.com/channels/1417025955628716178/1427709532141781103,[BE] 해리,54
"자바 객체 지향, 좋은 코드 구조 위한 이펙티브 자바 등 서적 추천 요청","객체 지향 설계 원칙(SOLID)과 코드 품질, 확장성에 대한 논의",https://discord.com/channels/1417025955628716178/1428600971960914060,[BE]김재희,66
초보 개발자를 위한 효과적인 코드 리뷰 방법 논의,코드 리뷰 참여 방법과 효율적인 리뷰 전략에 대한 논의,https://discord.com/channels/1417025955628716178/1427995589970366556,[BE] 모정민,49
예외 메시지 상세화 여부와 최적의 전략 논의,예외 메시지 상세화 여부와 최적의 전략 논의에 대한 개발자들의 논의와 경험 공유,https://discord.com/channels/1417025955628716178/1428716939349327883,김경탁,66
"자바 기초 스터디, 꾸준한 학습 루틴 형성 및 목표 달성","자바 기초 스터디, 꾸준한 학습 루틴 형성 및 목표 달성에 대한 개발자들의 논의와 경험 공유",https://discord.com/channels/1417025955628716178/1429466522128220305,궈니,60
프론트/백엔드/앱 개발 분야 선택 동기와 경험 공유,개발자가 된 계기와 개인적인 동기 공유,https://discord.com/channels/1417025955628716178/1428036509985935463,[BE] !핑크감자! (임수미),60
TDD 적용 중 테스트 단위 크기 고민과 그 해법 논의,TDD 적용 방법과 테스트 코드 작성 전략에 대한 논의,https://discord.com/channels/1417025955628716178/1428629952928026765,[BE] XEO,58
코딩 테스트와 실제 개발 연관성 및 기여도 논의,TDD 적용 방법과 테스트 코드 작성 전략에 대한 논의,https://discord.com/channels/1417025955628716178/1429052360294006804,고구마,61
개발팀 리더 역할 선호 경험과 성장 논의,"개발자의 성장 체감 순간과 기준, 지속적 성장 방법",https://discord.com/channels/1417025955628716178/1428396736455512159,[BE] 태성원,87
기능 구현 방식(Outside-In/Bottom-Up) 비교 논의,기능 구현 방식(Outside-In/Bottom-Up) 비교와 선택,https://discord.com/channels/1417025955628716178/1429638233154785381,[BE]이선욱,54
우테코 프리코스 이후 개발 성장 고민 및 계획,우테코 프리코스 학습 경험과 백엔드 개발자 성장 방법 공유,https://discord.com/channels/1417025955628716178/1429410399324737616,[BE] 0cean,60
"미래 개발자상과 개인적 성장, 협업 중요성 논의",개발자의 소통 능력과 협업 자질에 대한 토론,https://discord.com/channels/1417025955628716178/1429666727813185646,[BE] !핑크감자! (임수미),60
"효율적인 개발 학습 기록 및 정리 방법을 묻고, 다양한 노하우를 공유합니다.",개발 과정에서의 어려움 기록 및 회고 방법 공유,https://discord.com/channels/1417025955628716178/1429652648453214289,[BE] 최우녕,60
"개발 블로그 플랫폼(티스토리, 벨로그) 선택 및 특징 논의","개발 블로그 작성 방법과 좋은 글의 기준, 구조 설계",https://discord.com/channels/1417025955628716178/1429753732907925584,[BE] 남해윤,51
"동료 개발자와 코드 피드백, 협업 문화에서 성장 희망.",개발자의 소통 능력과 협업 자질에 대한 토론,https://discord.com/channels/1417025955628716178/1427251891854905354,[BE]MASKUN,49
테스트 중 빈 입력 Console.readLine() 예외 처리 논의,TDD 적용 방법과 테스트 코드 작성 전략에 대한 논의,https://discord.com/channels/1417025955628716178/1430040960951128167,[BE]MASKUN,59
개발 및 일반 습관 형성 노하우와 꾸준한 실천법,개발 학습과 업무에서 꾸준함을 유지하는 방법과 습관 형성,https://discord.com/channels/1417025955628716178/1429866411924258998,[BE] 서여,60
"코테 효율적 공부법, 다양한 학습 방식 공유",개발 지식 습득과 성장을 위한 다양한 학습 방법 공유,https://discord.com/channels/1417025955628716178/1429013669659938816,choi,60
Gradle 테스트 콘솔 한글 깨짐 해결법,코틀린/스프링 프로젝트의 Gradle 설정 및 안드로이드 개발 환경 구성,https://discord.com/channels/1417025955628716178/1428953393053044737,김준수,63
MVC 패턴 유효성 검증 로직 위치 및 책임 논의,MVC/MVCS 패턴 구현과 각 계층의 역할 분담에 대한 고민,https://discord.com/channels/1417025955628716178/1429846712486203392,[BE] 해적감자,65
코드를 모듈화할 때 적정 깊이와 분리 기준에 대한 고민,코드 모듈화의 적정 깊이와 분리 기준에 대한 고민,https://discord.com/channels/1417025955628716178/1430127992989810728,[FE] 팡일🫧,65
상호 성장을 위한 좋은 코드 리뷰 방법과 피드백 논의,코드 리뷰 참여 방법과 효율적인 리뷰 전략에 대한 논의,https://discord.com/channels/1417025955628716178/1430078983654867125,성우,49
바닐라 JS 코드의 함수 및 파일 분리 기준 문의,바닐라 JS 코드의 함수 및 파일 분리 기준 문의에 대한 개발자들의 논의와 경험 공유,https://discord.com/channels/1417025955628716178/1430376564058492969,이재윤,75
예외 메시지 관리에 enum 사용 적합성 및 방식 논의,예외 메시지 관리에 enum 사용의 적합성과 방식,https://discord.com/channels/1417025955628716178/1430103657659109427,[BE] 선지원,66
"패키지/클래스 구조, 책임 분리, 계층 설계 및 다이어그램 문의",패키지/클래스 구조 설계와 다이어그램 활용,https://discord.com/channels/1417025955628716178/1430059525884477531,기믕석,65
개발 시작 전 요구사항 분석 및 설계 전략 공유,개발 시작 전 요구사항 분석 및 설계 전략,https://discord.com/channels/1417025955628716178/1430203441158029374,[BE] 임찬혁,55
코드 리뷰 시 코멘트 방해 없이 효율적 코드 검토 방법,코드 리뷰 참여 방법과 효율적인 리뷰 전략에 대한 논의,https://discord.com/channels/1417025955628716178/1430366367869304934,[BE] 서상현,49
"코드 리뷰에 걸리는 시간, 개발자들의 경험 공유",코드 리뷰 참여 방법과 효율적인 리뷰 전략에 대한 논의,https://discord.com/channels/1417025955628716178/1430155098264178808,[FE] iftype,49
정규식 활용 노하우 및 학습/테스트 도구 공유,TDD 적용 방법과 테스트 코드 작성 전략에 대한 논의,https://discord.com/channels/1417025955628716178/1430419892221251615,[BE] 임승찬,89
함수형/클래스형 프로그래밍 선택 기준과 특징,함수형 프로그래밍과 클래스형 프로그래밍의 선택 기준,https://discord.com/channels/1417025955628716178/1430383590322995250,[FE] 김현중/빙구,78
"Java DTO, 불변 객체, 레코드 및 계층별 설계 논의",DTO의 필요성과 계층 간 데이터 전달 및 관리 방법에 대한 논의,https://discord.com/channels/1417025955628716178/1430414252145119252,[BE] 김동우,65
"Java 예외 변환, 사용자 메시지 개선 논의",Java 예외 변환과 사용자 친화적 메시지 개선 방법,https://discord.com/channels/1417025955628716178/1430191986459017309,박병훈,66
"개발자 성공이란? 성장, 기여, 만족 등 다양한 기준 논의","개발자의 성장 체감 순간과 기준, 지속적 성장 방법",https://discord.com/channels/1417025955628716178/1429671896005345402,[BE] !핑크감자! (임수미),90
작은 규모 프로젝트 도메인/책임 분리 경험 공유,작은 규모 프로젝트 도메인/책임 분리 경험 공유에 대한 개발자들의 논의와 경험 공유,https://discord.com/channels/1417025955628716178/1429841159143821394,[BE] 조상준,65
TDD 학습 및 적용 경험 공유 및 조언 요청,TDD 적용 방법과 테스트 코드 작성 전략에 대한 논의,https://discord.com/channels/1417025955628716178/1427999856609464341,김경탁,58
"개발 학습 정리 고민, 메타인지와 성장 효과","개발자의 성장 체감 순간과 기준, 지속적 성장 방법",https://discord.com/channels/1417025955628716178/1430374675300745257,김태윤,60
JS for-of 루프의 스타일 가이드와 실용적 고찰,JS for-of 루프의 스타일 가이드와 실용적 고찰에 대한 개발자들의 논의와 경험 공유,https://discord.com/channels/1417025955628716178/1430528621625475183,[FE] iftype,66
개발 문제 해결 위한 설계 접근법과 시각화,개발 문제 해결 위한 설계 접근법과 시각화에 대한 개발자들의 논의와 경험 공유,https://discord.com/channels/1417025955628716178/1430426997649051718,kenny,55
커밋 스코프의 적절한 단위와 활용 방안 논의,"커밋 단위와 시점, 원칙에 대한 개발자들의 고민",https://discord.com/channels/1417025955628716178/1430543240716615700,[BE] 러키,50
개발 작업물 포트폴리오 기록 및 정리 방법,개발 과정에서의 어려움 기록 및 회고 방법 공유,https://discord.com/channels/1417025955628716178/1430588457130131587,[AN] 현승,51
README 기능 요구사항 구조화 고민 및 설계 영향,"README.md 작성 시점과 효율적인 관리 전략, 문서화 방법",https://discord.com/channels/1417025955628716178/1430427123054809088,[FE] 다니엘,55
함수의 성공/실패 테스트 코드 작성법 문의 및 의견,TDD 적용 방법과 테스트 코드 작성 전략에 대한 논의,https://discord.com/channels/1417025955628716178/1430479735137505420,Junepil,59
PR 리뷰를 통해 좋은 코드와 개발자를 정의하다.,PR 리뷰를 통해 좋은 코드와 개발자를 정의하다.에 대한 개발자들의 논의와 경험 공유,https://discord.com/channels/1417025955628716178/1430430131603636274,[BE] 이프 (김지환),49
간단한 MVC에서 서비스 계층의 역할과 필요성 토론,MVC 패턴 적용과 계층 구조 설계에 대한 논의,https://discord.com/channels/1417025955628716178/1430147826297344081,[BE] 방현우,65
프론트엔드 MVC/MV* 패턴 적용 방식 논의,MVC/MVCS 패턴 구현과 각 계층의 역할 분담에 대한 고민,https://discord.com/channels/1417025955628716178/1430760540074148002,Anas,76
개발자를 위한 영어의 중요성 및 학습 방법 논의,개발 지식 습득과 성장을 위한 다양한 학습 방법 공유,https://discord.com/channels/1417025955628716178/1430020850710610121,[BE] !핑크감자! (임수미),60
본질과 추상화 개념 토론 및 성능 최적화의 관계 분석,본질과 추상화 개념 토론 및 성능 최적화의 관계 분석에 대한 개발자들의 논의와 경험 공유,https://discord.com/channels/1417025955628716178/1431461021364523238,마매직,61
개발자들의 다양한 모니터 세팅 및 활용법 공유,개발자들의 모니터 세팅과 활용법 공유,https://discord.com/channels/1417025955628716178/1430927708849705121,[BE] 바키,63
객체 생성 시 입력값 검증 위치와 책임에 대한 토론,"입력값 검증 로직의 위치와 책임 분리, 리팩토링 방법",https://discord.com/channels/1417025955628716178/1430466560316936294,박영규,65
"TDD 적용의 어려움, 테스트 단위와 흐름 조언 요청",TDD 적용 방법과 테스트 코드 작성 전략에 대한 논의,https://discord.com/channels/1417025955628716178/1431221969600249977,최승호 BE,58
유효성 검증 예외 처리: 즉시 vs 모아 던지기 논의,"예외 처리 범위와 카테고리, 계층별 예외 처리 전략",https://discord.com/channels/1417025955628716178/1431313187298611370,[BE] 서여,65
"클린코드 관점 검증 메서드 분리, 가독성/유지보수 논의",코드 가독성과 유지보수성의 균형을 위한 설계 고민,https://discord.com/channels/1417025955628716178/1431142007539240960,[BE] 서상현,56
"Java var 타입추론, 가독성과 협업 논의",개발자의 소통 능력과 협업 자질에 대한 토론,https://discord.com/channels/1417025955628716178/1431621316426858581,[BE] 장병중,66
코드 리뷰 방법(커밋별/전체) 공유 및 효율적 전략 논의,Git과 커밋 관련 개발 워크플로우 논의,https://discord.com/channels/1417025955628716178/1431135960464101527,[BE]한상윤,49
"초기 설계 어려움, TDD로 책임 분리 및 품질 개선",TDD 관점에서 테스트할 로직과 메서드 선정 및 테스트 설계 과정,https://discord.com/channels/1417025955628716178/1431870920351285330,[BE]김진후,58
README.md 기능 목록 및 설계 문서화 깊이에 대한 고민과 의견 공유,프론트엔드 화면 구현 전 설계와 기능 요구사항 문서화 방식,https://discord.com/channels/1417025955628716178/1431950180311367750,[FE] ChangwooJ,55
테스트 작성 시 코드 수정 발생 문제와 TDD 논의,TDD 적용 방법과 테스트 코드 작성 전략에 대한 논의,https://discord.com/channels/1417025955628716178/1432027382818013305,wonbin,58
개발 학습 및 성장을 위한 추천 도서 목록 논의,"개발자의 성장 체감 순간과 기준, 지속적 성장 방법",https://discord.com/channels/1417025955628716178/1431318981364678796,[BE] Eian,60
"개발은 나를 비추는 거울, 성장과 의미 탐구","개발자의 성장 체감 순간과 기준, 지속적 성장 방법",https://discord.com/channels/1417025955628716178/1431274279000870964,[BE] !핑크감자! (임수미),90
비전공자 CS 지식 학습법과 추천 자료 논의,비전공자를 위한 CS 지식 학습법과 추천 자료,https://discord.com/channels/1417025955628716178/1430900248166793216,[BE] 이승환,60
"private 메서드 테스트 원칙, 캡슐화 및 접근 방식 논의",TDD 적용 방법과 테스트 코드 작성 전략에 대한 논의,https://discord.com/channels/1417025955628716178/1431970021789138985,박영규,59
"개발 원칙: 깔끔한 코드, 불필요한 과잉 설계 지양.",깔끔한 코드 작성과 불필요한 과잉 설계 지양 원칙,https://discord.com/channels/1417025955628716178/1432295409174188033,[FE] 김상윤,66
자바 Stream API와 for 루프의 장단점 및 사용 기준 논의,"자바 Stream API 사용법과 연습 문제, 테스트 오류 해결 방법에 대한 논의",https://discord.com/channels/1417025955628716178/1431472328990003362,기믕석,73
테스트 코드 작성 중 비즈니스 코드 수정과 설계 딜레마,TDD 관점에서 테스트할 로직과 메서드 선정 및 테스트 설계 과정,https://discord.com/channels/1417025955628716178/1431919572272939099,[BE] 김채빈,58
소규모 미션 객체지향 설계와 책임 분리 논의,소규모 미션 객체지향 설계와 책임 분리 논의에 대한 개발자들의 논의와 경험 공유,https://discord.com/channels/1417025955628716178/1430755855053226025,[BE] 남해윤,65
코틀린 학습 과정 및 효과적인 방법 공유,코틀린 학습 과정과 효과적인 학습 방법 공유,https://discord.com/channels/1417025955628716178/1427933012179423413,[AN] 라디오,60
